{"3M": {"correlation": 0.9051007780175866, "tracking_error": NaN}, "6M": {"correlation": 0.9257067343771777, "tracking_error": NaN}, "9M": {"correlation": 0.9110146986745108, "tracking_error": NaN}, "1Y": {"correlation": 0.9219365414022339, "tracking_error": NaN}}