{
    "selected_stocks": [
        "MU",
        "ADP",
        "AMZN",
        "AEE",
        "PSX",
        "D",
        "AXP",
        "MS",
        "BRK-B",
        "BKR",
        "OXY",
        "QCOM",
        "GS",
        "HAL",
        "DVN",
        "ADI",
        "AMAT",
        "KLAC",
        "MMC",
        "LRCX"
    ],
    "weights": {
        "MU": 0.04987465272595768,
        "ADP": 0.05009630908963828,
        "AMZN": 0.050131851784557833,
        "AEE": 0.050106701150505153,
        "PSX": 0.0499461917926914,
        "D": 0.05009851999986996,
        "AXP": 0.05001990249936531,
        "MS": 0.05001343918190043,
        "BRK-B": 0.05008421125689232,
        "BKR": 0.04994361401389741,
        "OXY": 0.049964150354037354,
        "QCOM": 0.049999151442892166,
        "GS": 0.050014232971228416,
        "HAL": 0.049913770194318786,
        "DVN": 0.049911822332175365,
        "ADI": 0.049972912139180765,
        "AMAT": 0.04994613005291487,
        "KLAC": 0.049932210652324976,
        "MMC": 0.0501132908436167,
        "LRCX": 0.04991693552203492
    },
    "performance": {
        "3M": {
            "correlation": NaN,
            "tracking_error": NaN
        },
        "6M": {
            "correlation": NaN,
            "tracking_error": NaN
        },
        "9M": {
            "correlation": NaN,
            "tracking_error": NaN
        },
        "1Y": {
            "correlation": NaN,
            "tracking_error": NaN
        }
    }
}